שם,id,ותק,לוחית רישוי,מספר קו
Aaron,500,2,12-345-67,1
Abby,501,3,23-456-78,2
Adam,502,4,34-567-89,3
Alan,503,5,45-678-90,4
Alex,504,6,56-789-01,5
Alice,505,7,67-890-12,6
Allie,506,8,78-901-23,7
Alvin,507,9,89-012-34,8
Amber,508,10,90-123-45,9
Amy,509,11,01-234-56,10
Andy,510,12,12-345-68,11
Anna,511,13,23-456-79,12
Annie,512,14,34-567-80,13
April,513,15,45-678-91,14
Ariel,514,16,56-789-02,15
Avery,515,17,67-890-13,16
Bella,516,18,78-901-24,17
Ben,517,19,89-012-35,18
Benny,518,20,90-123-46,19
Bill,519,21,01-234-57,20
Blake,520,22,12-345-69,21
Brett,521,23,23-456-70,22
Brian,522,24,34-567-81,23
Bruce,523,25,45-678-92,24
Caleb,524,26,56-789-03,25
Carla,525,27,67-890-14,26
Carol,526,28,78-901-25,27
Casey,527,29,89-012-36,28
Cathy,528,30,90-123-47,29
Chad,529,31,01-234-58,30
Chris,530,32,12-345-70,31
Cindy,531,33,23-456-81,32
Clara,532,34,34-567-92,33
Clark,533,35,45-678-03,34
Craig,534,2,56-789-14,35
Daisy,535,3,67-890-25,36
Dana,536,4,78-901-36,37
David,537,5,89-012-47,38
Debby,538,6,90-123-58,39
Derek,539,7,01-234-69,40
Diana,540,8,12-345-71,41
Diane,541,9,23-456-82,42
Dolly,542,10,34-567-93,43
Donna,543,11,45-678-04,44
Doris,544,12,56-789-15,45
Drew,545,13,67-890-26,46
Dylan,546,14,78-901-37,47
Eddie,547,15,89-012-48,48
Edith,548,16,90-123-59,49
Edwin,549,17,01-234-60,50
Elena,550,18,12-345-72,51
Eli,551,19,23-456-83,52
Ellie,552,20,34-567-94,53
Elton,553,21,45-678-05,54
Emily,554,22,56-789-16,55
Emma,555,23,67-890-27,56
Erica,556,24,78-901-38,57
Erin,557,25,89-012-49,58
Ethan,558,26,90-123-60,59
Fiona,559,27,01-234-71,60
Flora,560,28,12-345-73,61
Frank,561,29,23-456-84,62
Fred,562,30,34-567-95,63
Gabe,563,31,45-678-06,64
Gavin,564,32,56-789-17,65
Grace,565,33,67-890-28,66
Grant,566,34,78-901-39,67
Greg,567,35,89-012-50,68
Gwen,568,2,90-123-61,69
Haley,569,3,01-234-72,70
Hank,570,4,12-345-74,71
Helen,571,5,23-456-85,72
Henry,572,6,34-567-96,73
Holly,573,7,45-678-07,74
Isaac,574,8,56-789-18,75
Ivy,575,9,67-890-29,76
Jack,576,10,78-901-40,77
James,577,11,89-012-51,78
Jamie,578,12,90-123-62,79
Jane,579,13,01-234-73,80
Jared,580,14,12-345-75,81
Jason,581,15,23-456-86,82
Jean,582,16,34-567-97,83
Jenna,583,17,45-678-08,84
Jenny,584,18,56-789-19,85
Jesse,585,19,67-890-30,86
Jill,586,20,78-901-41,87
Jimmy,587,21,89-012-52,88
Joan,588,22,90-123-63,89
Jodie,589,23,01-234-74,90
Joe,590,24,12-345-76,91
Joel,591,25,23-456-87,92
John,592,26,34-567-98,93
Jonah,593,27,45-678-09,94
Joni,594,28,56-789-20,95
Judy,595,29,67-890-31,96
Julia,596,30,78-901-42,97
Julie,597,31,89-012-53,98
Justin,598,32,90-123-64,99
Karen,599,33,01-234-75,100
Kate,600,34,12-345-77,101
Kathy,601,35,23-456-88,102
Kayla,602,2,34-567-99,103
Keith,603,3,45-678-10,104
Kelly,604,4,56-789-21,105
Kevin,605,5,67-890-32,106
Kim,606,6,78-901-43,107
Kyle,607,7,89-012-54,108
Laura,608,8,90-123-65,109
Leila,609,9,01-234-76,110
Liam,610,10,12-345-78,111
Linda,611,11,23-456-89,112
Lisa,612,12,34-567-00,113
Liz,613,13,45-678-11,114
Logan,614,14,56-789-22,115
Louis,615,15,67-890-33,116
Lucy,616,16,78-901-44,117
Lydia,617,17,89-012-55,118
Mabel,618,18,90-123-66,119
Maddie,619,19,01-234-77,120
Maggie,620,20,12-345-79,121
Mandy,621,21,23-456-90,122
Maria,622,22,34-567-01,123
Marie,623,23,45-678-12,124
Mark,624,24,56-789-23,125
Mason,625,25,67-890-34,126
Matt,626,26,78-901-45,127
Megan,627,27,89-012-56,128
Mel,628,28,90-123-67,129
Mia,629,29,01-234-78,130
Mike,630,30,12-345-80,131
Molly,631,31,23-456-91,132
Nancy,632,32,34-567-02,133
Naomi,633,33,45-678-13,134
Nell,634,34,56-789-24,135
Nelly,635,35,67-890-35,136
Nick,636,2,78-901-46,137
Nikki,637,3,89-012-57,138
Nina,638,4,90-123-68,139
Noah,639,5,01-234-79,140
Nora,640,6,12-345-81,141
Olive,641,7,23-456-92,142
Oscar,642,8,34-567-03,143
Owen,643,9,45-678-14,144
Pam,644,10,56-789-25,145
Paula,645,11,67-890-36,146
Pearl,646,12,78-901-47,147
Penny,647,13,89-012-58,148
Peter,648,14,90-123-69,149
Phil,649,15,01-234-80,150
Polly,650,16,12-345-82,151
Quinn,651,17,23-456-93,152
Randy,652,18,34-567-04,153
Ray,653,19,45-678-15,154
Reese,654,20,56-789-26,155
Renee,655,21,67-890-37,156
Rhys,656,22,78-901-48,157
Ricky,657,23,89-012-59,158
Riley,658,24,90-123-70,159
Robin,659,25,01-234-81,160
Roger,660,26,12-345-83,161
Rosa,661,27,23-456-94,162
Rose,662,28,34-567-05,163
Ruby,663,29,45-678-16,164
Ryan,664,30,56-789-27,165
Sally,665,31,67-890-38,166
Sam,666,32,78-901-49,167
Sarah,667,33,89-012-60,168
Scott,668,34,90-123-71,169
Sean,669,35,01-234-82,170
Seth,670,2,12-345-84,171
Shane,671,3,23-456-95,172
Shawn,672,4,34-567-06,173
Simon,673,5,45-678-17,174
Sonia,674,6,56-789-28,175
Stacy,675,7,67-890-39,176
Steve,676,8,78-901-50,177
Susan,677,9,89-012-61,178
Sybil,678,10,90-123-72,179
Terry,679,11,01-234-83,180
Tim,680,12,12-345-85,181
Tina,681,13,23-456-96,182
Toby,682,14,34-567-07,183
Todd,683,15,45-678-18,184
Tom,684,16,56-789-29,185
Tony,685,17,67-890-40,186
Tracy,686,18,78-901-51,187
Tyler,687,19,89-012-62,188
Vera,688,20,90-123-73,189
Vicky,689,21,01-234-84,190
Vince,690,22,12-345-86,191
Wendy,691,23,23-456-97,192
Will,692,24,34-567-08,193
Willa,693,25,45-678-19,194
Wyatt,694,26,56-789-30,195
Yara,695,27,67-890-41,196
Yvette,696,28,78-901-52,197
Yvonne,697,29,89-012-63,198
Zack,698,30,90-123-74,199
Zoe,699,31,01-234-85,200
